"0","#--Create a simple column ggplot chart that shows the total entries by year"
"0","bmore_final |> "
"0","  count(year) |> "
"0","   ggplot(aes(x = year, y = n,"
"0","             fill = n)) +"
"0","  geom_col(position = ""dodge"") + "
"0","  theme(legend.position = ""none"") +"
"0","#This is your title sequence"
"0","  labs(title = ""Count of entries by year"","
"0","       subtitle = ""News Articles on Baltimore Crime"","
"0","       caption = ""Graphic by Breana Stevens 2-13-14"","
"0","       y=""Count of entries"","
"0","       x=""Year"")"
